metric,change_2026_minus_2024
Mean AI exposure score,0.03685323758228606
Share exposed to AI (%),3.602034709754637
Mean automatability score,-0.009761484141232735
Share automatable (%),-2.1168162776780406
