year,n,mean_exposure_score,pct_exposed,mean_automatable_score,pct_automatable
2024.0,1114,0.061373429084380614,2.064631956912029,0.3337881508078994,25.583482944344706
2026.0,1500,0.09822666666666667,5.666666666666666,0.3240266666666667,23.466666666666665
