industry_key,industry_label,mean_exposure_score_2024,mean_exposure_score_2026,exposure_score_change,mean_automatable_score_2024,mean_automatable_score_2026,automatable_score_change,pct_exposed_2024,pct_exposed_2026,pct_automatable_2024,pct_automatable_2026
farming_forestry,"Farming, Ranching and Forestry",0.07710743801652893,0.055766666666666666,-0.021340771349862266,0.3190909090909091,0.3353,0.016209090909090895,4.132231404958678,2.3333333333333335,23.140495867768596,26.0
insurance,Insurance,0.0902,0.07919999999999999,-0.01100000000000001,0.3493,0.35723333333333335,0.007933333333333348,4.0,3.3333333333333335,25.666666666666664,23.333333333333332
legal_services,Legal Services,0.031766666666666665,0.0999,0.06813333333333334,0.35536666666666666,0.3592666666666667,0.0039000000000000146,0.0,6.333333333333334,31.333333333333336,33.0
patent_ip,Patent Analysis and IP Research,0.04698924731182796,0.1512,0.10421075268817204,0.31430107526881723,0.29766666666666663,-0.016634408602150597,0.0,10.333333333333334,23.655913978494624,19.0
pharma_chem,Pharmaceutical / Chemical Manufacturing,0.06026666666666666,0.10506666666666667,0.044800000000000006,0.30866666666666664,0.27066666666666667,-0.03799999999999998,2.0,6.0,21.333333333333336,16.0
